data,preco,mes,ano,nome_mes,variacao_%
2019-01-02,54.06,1,2019,Jan,
2019-01-03,54.06,1,2019,Jan,0.0
2019-01-04,53.23,1,2019,Jan,-1.54
2019-01-05,55.64,1,2019,Jan,4.53
2019-01-07,57.1,1,2019,Jan,2.62
2019-01-08,57.1,1,2019,Jan,0.0
2019-01-09,56.91,1,2019,Jan,-0.33
2019-01-10,59.46,1,2019,Jan,4.48
2019-01-11,60.47,1,2019,Jan,1.7
2019-01-12,59.24,1,2019,Jan,-2.03
2019-01-14,58.8,1,2019,Jan,-0.74
2019-01-15,58.8,1,2019,Jan,0.0
2019-01-16,58.65,1,2019,Jan,-0.26
2019-01-17,59.81,1,2019,Jan,1.98
2019-01-18,59.85,1,2019,Jan,0.07
2019-01-19,62.04,1,2019,Jan,3.66
2019-01-21,62.18,1,2019,Jan,0.23
2019-01-22,62.18,1,2019,Jan,0.0
2019-01-23,60.9,1,2019,Jan,-2.06
2019-01-24,61.05,1,2019,Jan,0.25
2019-01-25,61.09,1,2019,Jan,0.07
2019-01-26,61.49,1,2019,Jan,0.65
2019-01-28,59.71,1,2019,Jan,-2.89
2019-01-29,59.71,1,2019,Jan,0.0
2019-01-30,60.98,1,2019,Jan,2.13
2019-01-31,61.89,1,2019,Jan,1.49
2019-02-01,62.46,2,2019,Fev,0.92
2019-02-02,61.86,2,2019,Fev,-0.96
2019-02-04,62.26,2,2019,Fev,0.65
2019-02-05,62.26,2,2019,Fev,0.0
2019-02-06,61.67,2,2019,Fev,-0.95
2019-02-07,62.22,2,2019,Fev,0.89
2019-02-08,61.01,2,2019,Fev,-1.94
2019-02-09,61.37,2,2019,Fev,0.59
2019-02-11,61.3,2,2019,Fev,-0.11
2019-02-12,61.3,2,2019,Fev,0.0
2019-02-13,62.58,2,2019,Fev,2.09
2019-02-14,63.27,2,2019,Fev,1.1
2019-02-15,64.0,2,2019,Fev,1.15
2019-02-16,65.65,2,2019,Fev,2.58
2019-02-18,66.41,2,2019,Fev,1.16
2019-02-19,65.86,2,2019,Fev,-0.83
2019-02-20,66.82,2,2019,Fev,1.46
2019-02-21,66.91,2,2019,Fev,0.13
2019-02-22,66.91,2,2019,Fev,0.0
2019-02-25,64.02,2,2019,Fev,-4.32
2019-02-26,64.51,2,2019,Fev,0.77
2019-02-27,65.55,2,2019,Fev,1.61
2019-02-28,65.03,2,2019,Fev,-0.79
2019-03-01,63.71,3,2019,Mar,-2.03
2019-03-04,64.44,3,2019,Mar,1.15
2019-03-05,64.24,3,2019,Mar,-0.31
2019-03-06,64.51,3,2019,Mar,0.42
2019-03-07,64.82,3,2019,Mar,0.48
2019-03-08,65.66,3,2019,Mar,1.3
2019-03-11,65.06,3,2019,Mar,-0.91
2019-03-12,65.33,3,2019,Mar,0.42
2019-03-13,65.89,3,2019,Mar,0.86
2019-03-14,66.18,3,2019,Mar,0.44
2019-03-15,66.11,3,2019,Mar,-0.11
2019-03-18,66.65,3,2019,Mar,0.82
2019-03-19,67.13,3,2019,Mar,0.72
2019-03-20,68.35,3,2019,Mar,1.82
2019-03-21,68.3,3,2019,Mar,-0.07
2019-03-22,66.29,3,2019,Mar,-2.94
2019-03-25,67.37,3,2019,Mar,1.63
2019-03-26,67.51,3,2019,Mar,0.21
2019-03-27,67.35,3,2019,Mar,-0.24
2019-03-28,66.08,3,2019,Mar,-1.89
2019-03-29,67.93,3,2019,Mar,2.8
2019-04-01,69.08,4,2019,Abr,1.69
2019-04-02,69.68,4,2019,Abr,0.87
2019-04-03,69.21,4,2019,Abr,-0.67
2019-04-04,69.8,4,2019,Abr,0.85
2019-04-05,69.93,4,2019,Abr,0.19
2019-04-08,71.12,4,2019,Abr,1.7
2019-04-09,71.02,4,2019,Abr,-0.14
2019-04-10,71.63,4,2019,Abr,0.86
2019-04-11,71.3,4,2019,Abr,-0.46
2019-04-12,71.57,4,2019,Abr,0.38
2019-04-15,70.9,4,2019,Abr,-0.94
2019-04-16,70.74,4,2019,Abr,-0.23
2019-04-17,71.14,4,2019,Abr,0.57
2019-04-18,70.71,4,2019,Abr,-0.6
2019-04-23,74.39,4,2019,Abr,5.2
2019-04-24,73.59,4,2019,Abr,-1.08
2019-04-25,74.94,4,2019,Abr,1.83
2019-04-26,71.03,4,2019,Abr,-5.22
2019-04-29,71.22,4,2019,Abr,0.27
2019-04-30,72.19,4,2019,Abr,1.36
2019-05-01,72.01,5,2019,Mai,-0.25
2019-05-02,70.56,5,2019,Mai,-2.01
2019-05-03,71.95,5,2019,Mai,1.97
2019-05-06,71.95,5,2019,Mai,0.0
2019-05-07,70.98,5,2019,Mai,-1.35
2019-05-08,71.09,5,2019,Mai,0.15
2019-05-09,70.61,5,2019,Mai,-0.68
2019-05-10,71.63,5,2019,Mai,1.44
2019-05-13,72.35,5,2019,Mai,1.01
2019-05-14,72.53,5,2019,Mai,0.25
2019-05-15,73.09,5,2019,Mai,0.77
2019-05-16,74.7,5,2019,Mai,2.2
2019-05-17,73.94,5,2019,Mai,-1.02
2019-05-20,73.21,5,2019,Mai,-0.99
2019-05-21,72.94,5,2019,Mai,-0.37
2019-05-22,71.94,5,2019,Mai,-1.37
2019-05-23,68.37,5,2019,Mai,-4.96
2019-05-24,67.98,5,2019,Mai,-0.57
2019-05-27,67.98,5,2019,Mai,0.0
2019-05-28,70.19,5,2019,Mai,3.25
2019-05-29,70.64,5,2019,Mai,0.64
2019-05-30,69.55,5,2019,Mai,-1.54
2019-05-31,66.78,5,2019,Mai,-3.98
2019-06-01,63.16,6,2019,Jun,-5.42
2019-06-03,63.16,6,2019,Jun,0.0
2019-06-04,63.56,6,2019,Jun,0.63
2019-06-05,62.14,6,2019,Jun,-2.23
2019-06-06,62.77,6,2019,Jun,1.01
2019-06-07,64.1,6,2019,Jun,2.12
2019-06-10,64.31,6,2019,Jun,0.33
2019-06-11,63.56,6,2019,Jun,-1.17
2019-06-12,61.66,6,2019,Jun,-2.99
2019-06-13,63.28,6,2019,Jun,2.63
2019-06-14,63.13,6,2019,Jun,-0.24
2019-06-17,62.56,6,2019,Jun,-0.9
2019-06-18,63.35,6,2019,Jun,1.26
2019-06-19,62.85,6,2019,Jun,-0.79
2019-06-20,65.44,6,2019,Jun,4.12
2019-06-21,65.99,6,2019,Jun,0.84
2019-06-24,65.16,6,2019,Jun,-1.26
2019-06-25,66.24,6,2019,Jun,1.66
2019-06-26,66.85,6,2019,Jun,0.92
2019-06-27,66.78,6,2019,Jun,-0.1
2019-06-28,67.52,6,2019,Jun,1.11
2019-07-01,65.1,7,2019,Jul,-3.58
2019-07-02,62.72,7,2019,Jul,-3.66
2019-07-03,63.53,7,2019,Jul,1.29
2019-07-04,63.62,7,2019,Jul,0.14
2019-07-05,64.23,7,2019,Jul,0.96
2019-07-08,64.89,7,2019,Jul,1.03
2019-07-09,64.3,7,2019,Jul,-0.91
2019-07-10,66.41,7,2019,Jul,3.28
2019-07-11,67.64,7,2019,Jul,1.85
2019-07-12,66.65,7,2019,Jul,-1.46
2019-07-15,66.86,7,2019,Jul,0.32
2019-07-16,65.87,7,2019,Jul,-1.48
2019-07-17,63.67,7,2019,Jul,-3.34
2019-07-18,60.7,7,2019,Jul,-4.66
2019-07-19,61.04,7,2019,Jul,0.56
2019-07-22,61.96,7,2019,Jul,1.51
2019-07-23,62.28,7,2019,Jul,0.52
2019-07-24,63.83,7,2019,Jul,2.49
2019-07-25,63.47,7,2019,Jul,-0.56
2019-07-26,62.46,7,2019,Jul,-1.59
2019-07-29,62.29,7,2019,Jul,-0.27
2019-07-30,62.55,7,2019,Jul,0.42
2019-07-31,64.07,7,2019,Jul,2.43
2019-08-01,62.9,8,2019,Ago,-1.83
2019-08-02,61.12,8,2019,Ago,-2.83
2019-08-05,59.32,8,2019,Ago,-2.95
2019-08-06,58.63,8,2019,Ago,-1.16
2019-08-07,55.03,8,2019,Ago,-6.14
2019-08-08,56.29,8,2019,Ago,2.29
2019-08-09,57.37,8,2019,Ago,1.92
2019-08-12,57.13,8,2019,Ago,-0.42
2019-08-13,59.9,8,2019,Ago,4.85
2019-08-14,57.86,8,2019,Ago,-3.41
2019-08-15,57.37,8,2019,Ago,-0.85
2019-08-16,59.0,8,2019,Ago,2.84
2019-08-19,59.79,8,2019,Ago,1.34
2019-08-20,59.03,8,2019,Ago,-1.27
2019-08-21,60.6,8,2019,Ago,2.66
2019-08-22,59.81,8,2019,Ago,-1.3
2019-08-23,58.64,8,2019,Ago,-1.96
2019-08-26,58.64,8,2019,Ago,0.0
2019-08-27,58.44,8,2019,Ago,-0.34
2019-08-28,60.42,8,2019,Ago,3.39
2019-08-29,60.59,8,2019,Ago,0.28
2019-08-30,61.04,8,2019,Ago,0.74
2019-09-02,58.55,9,2019,Set,-4.08
2019-09-03,57.93,9,2019,Set,-1.06
2019-09-04,60.68,9,2019,Set,4.75
2019-09-05,62.7,9,2019,Set,3.33
2019-09-06,61.28,9,2019,Set,-2.26
2019-09-09,63.99,9,2019,Set,4.42
2019-09-10,64.67,9,2019,Set,1.06
2019-09-11,63.02,9,2019,Set,-2.55
2019-09-12,60.76,9,2019,Set,-3.59
2019-09-13,61.25,9,2019,Set,0.81
2019-09-16,68.42,9,2019,Set,11.71
2019-09-17,65.59,9,2019,Set,-4.14
2019-09-18,64.29,9,2019,Set,-1.98
2019-09-19,64.25,9,2019,Set,-0.06
2019-09-20,65.23,9,2019,Set,1.53
2019-09-23,64.66,9,2019,Set,-0.87
2019-09-24,64.13,9,2019,Set,-0.82
2019-09-25,62.41,9,2019,Set,-2.68
2019-09-26,62.08,9,2019,Set,-0.53
2019-09-27,62.48,9,2019,Set,0.64
2019-09-30,60.99,9,2019,Set,-2.38
2019-10-01,60.06,10,2019,Out,-1.52
2019-10-02,57.92,10,2019,Out,-3.56
2019-10-03,58.01,10,2019,Out,0.16
2019-10-04,59.13,10,2019,Out,1.93
2019-10-07,59.46,10,2019,Out,0.56
2019-10-08,58.14,10,2019,Out,-2.22
2019-10-09,59.7,10,2019,Out,2.68
2019-10-10,59.08,10,2019,Out,-1.04
2019-10-11,60.59,10,2019,Out,2.56
2019-10-14,58.81,10,2019,Out,-2.94
2019-10-15,59.19,10,2019,Out,0.65
2019-10-16,59.3,10,2019,Out,0.19
2019-10-17,59.35,10,2019,Out,0.08
2019-10-18,59.96,10,2019,Out,1.03
2019-10-21,58.95,10,2019,Out,-1.68
2019-10-22,60.5,10,2019,Out,2.63
2019-10-23,60.52,10,2019,Out,0.03
2019-10-24,61.71,10,2019,Out,1.97
2019-10-25,62.06,10,2019,Out,0.57
2019-10-28,60.39,10,2019,Out,-2.69
2019-10-29,61.05,10,2019,Out,1.09
2019-10-30,60.22,10,2019,Out,-1.36
2019-10-31,59.3,10,2019,Out,-1.53
2019-11-01,60.17,11,2019,Nov,1.47
2019-11-04,62.52,11,2019,Nov,3.91
2019-11-05,62.72,11,2019,Nov,0.32
2019-11-06,62.11,11,2019,Nov,-0.97
2019-11-07,62.6,11,2019,Nov,0.79
2019-11-08,62.0,11,2019,Nov,-0.96
2019-11-11,62.58,11,2019,Nov,0.94
2019-11-12,62.19,11,2019,Nov,-0.62
2019-11-13,62.27,11,2019,Nov,0.13
2019-11-14,62.46,11,2019,Nov,0.31
2019-11-15,63.32,11,2019,Nov,1.38
2019-11-18,62.82,11,2019,Nov,-0.79
2019-11-19,62.37,11,2019,Nov,-0.72
2019-11-20,63.8,11,2019,Nov,2.29
2019-11-21,64.99,11,2019,Nov,1.87
2019-11-22,64.83,11,2019,Nov,-0.25
2019-11-25,64.67,11,2019,Nov,-0.25
2019-11-26,64.82,11,2019,Nov,0.23
2019-11-27,65.03,11,2019,Nov,0.32
2019-11-28,64.68,11,2019,Nov,-0.54
2019-11-29,64.5,11,2019,Nov,-0.28
2019-12-02,63.2,12,2019,Dez,-2.02
2019-12-03,62.95,12,2019,Dez,-0.4
2019-12-04,65.25,12,2019,Dez,3.65
2019-12-05,65.67,12,2019,Dez,0.64
2019-12-06,66.5,12,2019,Dez,1.26
2019-12-09,66.44,12,2019,Dez,-0.09
2019-12-10,66.57,12,2019,Dez,0.2
2019-12-11,65.37,12,2019,Dez,-1.8
2019-12-12,66.67,12,2019,Dez,1.99
2019-12-13,67.44,12,2019,Dez,1.15
2019-12-16,68.04,12,2019,Dez,0.89
2019-12-18,69.12,12,2019,Dez,1.59
2019-12-19,69.7,12,2019,Dez,0.84
2019-12-20,68.66,12,2019,Dez,-1.49
2019-12-23,67.49,12,2019,Dez,-1.7
2019-12-24,69.26,12,2019,Dez,2.62
2019-12-26,69.26,12,2019,Dez,0.0
2019-12-27,68.91,12,2019,Dez,-0.51
2019-12-30,68.3,12,2019,Dez,-0.89
2019-12-31,67.77,12,2019,Dez,-0.78
2020-01-02,67.05,1,2020,Jan,-1.06
2020-01-03,69.08,1,2020,Jan,3.03
2020-01-06,70.25,1,2020,Jan,1.69
2020-01-07,68.74,1,2020,Jan,-2.15
2020-01-08,67.31,1,2020,Jan,-2.08
2020-01-09,66.58,1,2020,Jan,-1.08
2020-01-10,66.77,1,2020,Jan,0.29
2020-01-13,64.14,1,2020,Jan,-3.94
2020-01-14,64.45,1,2020,Jan,0.48
2020-01-15,63.29,1,2020,Jan,-1.8
2020-01-16,64.63,1,2020,Jan,2.12
2020-01-17,64.05,1,2020,Jan,-0.9
2020-01-20,64.63,1,2020,Jan,0.91
2020-01-21,63.66,1,2020,Jan,-1.5
2020-01-22,62.11,1,2020,Jan,-2.43
2020-01-23,61.26,1,2020,Jan,-1.37
2020-01-24,59.34,1,2020,Jan,-3.13
2020-01-27,58.54,1,2020,Jan,-1.35
2020-01-28,59.37,1,2020,Jan,1.42
2020-01-29,59.46,1,2020,Jan,0.15
2020-01-30,57.72,1,2020,Jan,-2.93
2020-01-31,57.77,1,2020,Jan,0.09
2020-02-03,54.0,2,2020,Fev,-6.53
2020-02-04,53.9,2,2020,Fev,-0.19
2020-02-05,55.36,2,2020,Fev,2.71
2020-02-06,55.18,2,2020,Fev,-0.33
2020-02-07,54.53,2,2020,Fev,-1.18
2020-02-10,53.39,2,2020,Fev,-2.09
2020-02-11,54.0,2,2020,Fev,1.14
2020-02-12,55.54,2,2020,Fev,2.85
2020-02-13,56.34,2,2020,Fev,1.44
2020-02-14,57.37,2,2020,Fev,1.83
2020-02-17,57.83,2,2020,Fev,0.8
2020-02-18,57.35,2,2020,Fev,-0.83
2020-02-19,59.72,2,2020,Fev,4.13
2020-02-20,59.72,2,2020,Fev,0.0
2020-02-21,58.6,2,2020,Fev,-1.88
2020-02-24,56.04,2,2020,Fev,-4.37
2020-02-25,56.71,2,2020,Fev,1.2
2020-02-26,54.96,2,2020,Fev,-3.09
2020-02-27,52.19,2,2020,Fev,-5.04
2020-02-28,51.31,2,2020,Fev,-1.69
2020-03-02,52.52,3,2020,Mar,2.36
2020-03-03,52.24,3,2020,Mar,-0.53
2020-03-04,51.86,3,2020,Mar,-0.73
2020-03-05,51.29,3,2020,Mar,-1.1
2020-03-06,45.6,3,2020,Mar,-11.09
2020-03-09,35.33,3,2020,Mar,-22.52
2020-03-10,36.66,3,2020,Mar,3.76
2020-03-11,34.45,3,2020,Mar,-6.03
2020-03-12,31.05,3,2020,Mar,-9.87
2020-03-13,33.0,3,2020,Mar,6.28
2020-03-16,27.98,3,2020,Mar,-15.21
2020-03-17,27.97,3,2020,Mar,-0.04
2020-03-18,22.79,3,2020,Mar,-18.52
2020-03-19,23.98,3,2020,Mar,5.22
2020-03-20,25.55,3,2020,Mar,6.55
2020-03-23,21.85,3,2020,Mar,-14.48
2020-03-24,24.5,3,2020,Mar,12.13
2020-03-25,25.62,3,2020,Mar,4.57
2020-03-26,23.55,3,2020,Mar,-8.08
2020-03-27,22.39,3,2020,Mar,-4.93
2020-03-30,19.19,3,2020,Mar,-14.29
2020-03-31,14.85,3,2020,Mar,-22.62
2020-04-01,14.97,4,2020,Abr,0.81
2020-04-02,20.24,4,2020,Abr,35.2
2020-04-03,24.33,4,2020,Abr,20.21
2020-04-06,22.58,4,2020,Abr,-7.19
2020-04-07,22.1,4,2020,Abr,-2.13
2020-04-08,25.22,4,2020,Abr,14.12
2020-04-09,20.23,4,2020,Abr,-19.79
2020-04-13,20.23,4,2020,Abr,0.0
2020-04-14,21.74,4,2020,Abr,7.46
2020-04-15,19.8,4,2020,Abr,-8.92
2020-04-16,18.69,4,2020,Abr,-5.61
2020-04-17,19.75,4,2020,Abr,5.67
2020-04-20,17.36,4,2020,Abr,-12.1
2020-04-21,9.12,4,2020,Abr,-47.47
2020-04-22,13.77,4,2020,Abr,50.99
2020-04-23,15.06,4,2020,Abr,9.37
2020-04-24,15.87,4,2020,Abr,5.38
2020-04-27,15.17,4,2020,Abr,-4.41
2020-04-28,15.6,4,2020,Abr,2.83
2020-04-29,17.86,4,2020,Abr,14.49
2020-04-30,18.11,4,2020,Abr,1.4
2020-05-01,18.49,5,2020,Mai,2.1
2020-05-04,20.4,5,2020,Mai,10.33
2020-05-05,25.46,5,2020,Mai,24.8
2020-05-06,24.2,5,2020,Mai,-4.95
2020-05-07,24.23,5,2020,Mai,0.12
2020-05-11,25.53,5,2020,Mai,5.37
2020-05-12,26.67,5,2020,Mai,4.47
2020-05-13,27.89,5,2020,Mai,4.57
2020-05-14,29.87,5,2020,Mai,7.1
2020-05-15,30.95,5,2020,Mai,3.62
2020-05-18,33.3,5,2020,Mai,7.59
2020-05-19,33.06,5,2020,Mai,-0.72
2020-05-20,34.76,5,2020,Mai,5.14
2020-05-21,34.78,5,2020,Mai,0.06
2020-05-22,33.8,5,2020,Mai,-2.82
2020-05-25,33.8,5,2020,Mai,0.0
2020-05-26,33.95,5,2020,Mai,0.44
2020-05-27,32.73,5,2020,Mai,-3.59
2020-05-28,33.98,5,2020,Mai,3.82
2020-05-29,34.15,5,2020,Mai,0.5
2020-06-01,36.74,6,2020,Jun,7.58
2020-06-02,37.72,6,2020,Jun,2.67
2020-06-03,37.98,6,2020,Jun,0.69
2020-06-04,38.41,6,2020,Jun,1.13
2020-06-05,41.0,6,2020,Jun,6.74
2020-06-08,39.66,6,2020,Jun,-3.27
2020-06-09,40.45,6,2020,Jun,1.99
2020-06-10,41.18,6,2020,Jun,1.8
2020-06-11,37.76,6,2020,Jun,-8.31
2020-06-12,38.54,6,2020,Jun,2.07
2020-06-15,39.44,6,2020,Jun,2.34
2020-06-16,40.75,6,2020,Jun,3.32
2020-06-17,40.47,6,2020,Jun,-0.69
2020-06-18,41.75,6,2020,Jun,3.16
2020-06-19,42.33,6,2020,Jun,1.39
2020-06-22,43.2,6,2020,Jun,2.06
2020-06-23,42.72,6,2020,Jun,-1.11
2020-06-24,40.4,6,2020,Jun,-5.43
2020-06-25,41.18,6,2020,Jun,1.93
2020-06-26,40.97,6,2020,Jun,-0.51
2020-06-29,41.58,6,2020,Jun,1.49
2020-06-30,41.64,6,2020,Jun,0.14
2020-07-01,42.18,7,2020,Jul,1.3
2020-07-02,43.19,7,2020,Jul,2.39
2020-07-03,42.92,7,2020,Jul,-0.63
2020-07-06,42.73,7,2020,Jul,-0.44
2020-07-07,43.28,7,2020,Jul,1.29
2020-07-08,43.67,7,2020,Jul,0.9
2020-07-09,42.35,7,2020,Jul,-3.02
2020-07-10,43.27,7,2020,Jul,2.17
2020-07-13,42.85,7,2020,Jul,-0.97
2020-07-14,42.97,7,2020,Jul,0.28
2020-07-15,43.96,7,2020,Jul,2.3
2020-07-16,43.71,7,2020,Jul,-0.57
2020-07-17,43.53,7,2020,Jul,-0.41
2020-07-20,43.3,7,2020,Jul,-0.53
2020-07-21,44.31,7,2020,Jul,2.33
2020-07-22,43.98,7,2020,Jul,-0.74
2020-07-23,42.96,7,2020,Jul,-2.32
2020-07-24,43.29,7,2020,Jul,0.77
2020-07-27,43.39,7,2020,Jul,0.23
2020-07-28,43.11,7,2020,Jul,-0.65
2020-07-29,43.51,7,2020,Jul,0.93
2020-07-30,42.98,7,2020,Jul,-1.22
2020-07-31,43.13,7,2020,Jul,0.35
2020-08-03,43.76,8,2020,Ago,1.46
2020-08-04,43.99,8,2020,Ago,0.53
2020-08-05,44.92,8,2020,Ago,2.11
2020-08-06,45.04,8,2020,Ago,0.27
2020-08-07,44.07,8,2020,Ago,-2.15
2020-08-10,44.19,8,2020,Ago,0.27
2020-08-11,43.68,8,2020,Ago,-1.15
2020-08-12,45.09,8,2020,Ago,3.23
2020-08-13,44.87,8,2020,Ago,-0.49
2020-08-14,44.86,8,2020,Ago,-0.02
2020-08-17,44.91,8,2020,Ago,0.11
2020-08-18,45.34,8,2020,Ago,0.96
2020-08-19,45.21,8,2020,Ago,-0.29
2020-08-20,44.56,8,2020,Ago,-1.44
2020-08-21,43.94,8,2020,Ago,-1.39
2020-08-24,44.43,8,2020,Ago,1.12
2020-08-25,46.01,8,2020,Ago,3.56
2020-08-26,45.79,8,2020,Ago,-0.48
2020-08-27,44.84,8,2020,Ago,-2.07
2020-08-28,45.22,8,2020,Ago,0.85
2020-09-01,45.72,9,2020,Set,1.11
2020-09-02,42.7,9,2020,Set,-6.61
2020-09-03,42.72,9,2020,Set,0.05
2020-09-04,41.1,9,2020,Set,-3.79
2020-09-07,40.67,9,2020,Set,-1.05
2020-09-08,38.53,9,2020,Set,-5.26
2020-09-09,39.98,9,2020,Set,3.76
2020-09-10,39.27,9,2020,Set,-1.78
2020-09-11,38.8,9,2020,Set,-1.2
2020-09-12,38.57,9,2020,Set,-0.59
2020-09-13,39.54,9,2020,Set,2.51
2020-09-14,38.57,9,2020,Set,-2.45
2020-09-15,39.54,9,2020,Set,2.51
2020-09-16,41.23,9,2020,Set,4.27
2020-09-17,42.35,9,2020,Set,2.72
2020-09-18,42.16,9,2020,Set,-0.45
2020-09-19,40.37,9,2020,Set,-4.25
2020-09-21,40.37,9,2020,Set,0.0
2020-09-22,40.84,9,2020,Set,1.16
2020-09-23,41.09,9,2020,Set,0.61
2020-09-24,41.24,9,2020,Set,0.37
2020-09-25,40.91,9,2020,Set,-0.8
2020-09-28,41.59,9,2020,Set,1.66
2020-09-29,40.33,9,2020,Set,-3.03
2020-09-30,40.3,9,2020,Set,-0.07
2020-10-01,39.75,10,2020,Out,-1.36
2020-10-02,38.0,10,2020,Out,-4.4
2020-10-05,39.78,10,2020,Out,4.68
2020-10-06,41.27,10,2020,Out,3.75
2020-10-07,40.62,10,2020,Out,-1.57
2020-10-08,42.0,10,2020,Out,3.4
2020-10-09,41.63,10,2020,Out,-0.88
2020-10-12,40.5,10,2020,Out,-2.71
2020-10-13,41.34,10,2020,Out,2.07
2020-10-14,41.81,10,2020,Out,1.14
2020-10-15,41.61,10,2020,Out,-0.48
2020-10-16,41.34,10,2020,Out,-0.65
2020-10-19,41.29,10,2020,Out,-0.12
2020-10-20,41.62,10,2020,Out,0.8
2020-10-21,40.09,10,2020,Out,-3.68
2020-10-22,41.28,10,2020,Out,2.97
2020-10-23,40.71,10,2020,Out,-1.38
2020-10-26,39.06,10,2020,Out,-4.05
2020-10-27,39.72,10,2020,Out,1.69
2020-10-28,37.86,10,2020,Out,-4.68
2020-10-29,36.56,10,2020,Out,-3.43
2020-10-30,36.33,10,2020,Out,-0.63
2020-11-02,37.78,11,2020,Nov,3.99
2020-11-03,38.17,11,2020,Nov,1.03
2020-11-04,39.68,11,2020,Nov,3.96
2020-11-05,39.47,11,2020,Nov,-0.53
2020-11-06,38.08,11,2020,Nov,-3.52
2020-11-09,40.93,11,2020,Nov,7.48
2020-11-10,42.25,11,2020,Nov,3.23
2020-11-11,42.5,11,2020,Nov,0.59
2020-11-12,42.16,11,2020,Nov,-0.8
2020-11-13,41.51,11,2020,Nov,-1.54
2020-11-16,42.71,11,2020,Nov,2.89
2020-11-17,42.54,11,2020,Nov,-0.4
2020-11-18,42.91,11,2020,Nov,0.87
2020-11-19,43.09,11,2020,Nov,0.42
2020-11-20,43.79,11,2020,Nov,1.62
2020-11-23,45.0,11,2020,Nov,2.76
2020-11-24,46.63,11,2020,Nov,3.62
2020-11-25,47.3,11,2020,Nov,1.44
2020-11-26,46.32,11,2020,Nov,-2.07
2020-11-27,46.88,11,2020,Nov,1.21
2020-11-30,46.84,11,2020,Nov,-0.09
2020-12-01,47.03,12,2020,Dez,0.41
2020-12-02,47.8,12,2020,Dez,1.64
2020-12-03,48.37,12,2020,Dez,1.19
2020-12-04,49.1,12,2020,Dez,1.51
2020-12-07,48.63,12,2020,Dez,-0.96
2020-12-08,48.84,12,2020,Dez,0.43
2020-12-09,48.81,12,2020,Dez,-0.06
2020-12-10,50.33,12,2020,Dez,3.11
2020-12-11,50.01,12,2020,Dez,-0.64
2020-12-14,50.27,12,2020,Dez,0.52
2020-12-18,52.17,12,2020,Dez,3.78
2020-12-21,50.61,12,2020,Dez,-2.99
2020-12-22,49.88,12,2020,Dez,-1.44
2020-12-23,51.05,12,2020,Dez,2.35
2020-12-24,50.88,12,2020,Dez,-0.33
2020-12-28,50.88,12,2020,Dez,0.0
2020-12-29,50.44,12,2020,Dez,-0.86
2020-12-30,50.74,12,2020,Dez,0.59
2020-12-31,51.22,12,2020,Dez,0.95
2021-01-04,50.37,1,2021,Jan,-1.66
2021-01-05,53.16,1,2021,Jan,5.54
2021-01-06,53.8,1,2021,Jan,1.2
2021-01-07,53.7,1,2021,Jan,-0.19
2021-01-08,55.51,1,2021,Jan,3.37
2021-01-11,54.84,1,2021,Jan,-1.21
2021-01-12,55.98,1,2021,Jan,2.08
2021-01-13,55.52,1,2021,Jan,-0.82
2021-01-14,55.76,1,2021,Jan,0.43
2021-01-15,54.8,1,2021,Jan,-1.72
2021-01-18,54.21,1,2021,Jan,-1.08
2021-01-19,55.38,1,2021,Jan,2.16
2021-01-20,55.66,1,2021,Jan,0.51
2021-01-21,55.68,1,2021,Jan,0.04
2021-01-22,55.22,1,2021,Jan,-0.83
2021-01-25,55.44,1,2021,Jan,0.4
2021-01-26,55.26,1,2021,Jan,-0.32
2021-01-27,55.07,1,2021,Jan,-0.34
2021-01-28,54.87,1,2021,Jan,-0.36
2021-01-29,55.25,1,2021,Jan,0.69
2021-02-01,56.42,2,2021,Fev,2.12
2021-02-02,57.62,2,2021,Fev,2.13
2021-02-03,58.61,2,2021,Fev,1.72
2021-02-04,58.98,2,2021,Fev,0.63
2021-02-05,59.48,2,2021,Fev,0.85
2021-02-08,60.17,2,2021,Fev,1.16
2021-02-09,60.74,2,2021,Fev,0.95
2021-02-10,61.17,2,2021,Fev,0.71
2021-02-11,61.09,2,2021,Fev,-0.13
2021-02-12,62.47,2,2021,Fev,2.26
2021-02-15,63.58,2,2021,Fev,1.78
2021-02-16,63.96,2,2021,Fev,0.6
2021-02-17,65.02,2,2021,Fev,1.66
2021-02-18,64.09,2,2021,Fev,-1.43
2021-02-19,62.84,2,2021,Fev,-1.95
2021-02-22,64.73,2,2021,Fev,3.01
2021-02-23,65.16,2,2021,Fev,0.66
2021-02-24,66.85,2,2021,Fev,2.59
2021-02-25,66.69,2,2021,Fev,-0.24
2021-02-26,65.86,2,2021,Fev,-1.24
2021-03-01,64.56,3,2021,Mar,-1.97
2021-03-02,63.17,3,2021,Mar,-2.15
2021-03-03,64.7,3,2021,Mar,2.42
2021-03-04,67.32,3,2021,Mar,4.05
2021-03-05,69.95,3,2021,Mar,3.91
2021-03-08,68.0,3,2021,Mar,-2.79
2021-03-09,67.03,3,2021,Mar,-1.43
2021-03-10,67.53,3,2021,Mar,0.75
2021-03-11,69.34,3,2021,Mar,2.68
2021-03-12,68.87,3,2021,Mar,-0.68
2021-03-15,68.78,3,2021,Mar,-0.13
2021-03-16,67.95,3,2021,Mar,-1.21
2021-03-17,67.73,3,2021,Mar,-0.32
2021-03-18,62.11,3,2021,Mar,-8.3
2021-03-19,64.0,3,2021,Mar,3.04
2021-03-22,63.89,3,2021,Mar,-0.17
2021-03-23,59.96,3,2021,Mar,-6.15
2021-03-24,63.7,3,2021,Mar,6.24
2021-03-25,61.21,3,2021,Mar,-3.91
2021-03-26,63.77,3,2021,Mar,4.18
2021-03-29,64.06,3,2021,Mar,0.45
2021-03-30,63.28,3,2021,Mar,-1.22
2021-03-31,63.52,3,2021,Mar,0.38
2021-04-01,63.85,4,2021,Abr,0.52
2021-04-05,63.85,4,2021,Abr,0.0
2021-04-06,61.47,4,2021,Abr,-3.73
2021-04-07,61.86,4,2021,Abr,0.63
2021-04-08,62.09,4,2021,Abr,0.37
2021-04-09,61.89,4,2021,Abr,-0.32
2021-04-12,62.38,4,2021,Abr,0.79
2021-04-13,62.83,4,2021,Abr,0.72
2021-04-14,66.11,4,2021,Abr,5.22
2021-04-15,66.13,4,2021,Abr,0.03
2021-04-16,65.98,4,2021,Abr,-0.23
2021-04-19,66.54,4,2021,Abr,0.85
2021-04-20,65.34,4,2021,Abr,-1.8
2021-04-21,64.02,4,2021,Abr,-2.02
2021-04-22,65.07,4,2021,Abr,1.64
2021-04-23,65.75,4,2021,Abr,1.05
2021-04-26,65.5,4,2021,Abr,-0.38
2021-04-27,66.25,4,2021,Abr,1.15
2021-04-28,67.08,4,2021,Abr,1.25
2021-04-29,68.26,4,2021,Abr,1.76
2021-04-30,67.73,4,2021,Abr,-0.78
2021-05-05,69.71,5,2021,Mai,2.92
2021-05-06,68.62,5,2021,Mai,-1.56
2021-05-07,68.73,5,2021,Mai,0.16
2021-05-10,68.61,5,2021,Mai,-0.17
2021-05-11,68.83,5,2021,Mai,0.32
2021-05-12,69.62,5,2021,Mai,1.15
2021-05-13,67.36,5,2021,Mai,-3.25
2021-05-14,69.24,5,2021,Mai,2.79
2021-05-17,69.62,5,2021,Mai,0.55
2021-05-18,69.01,5,2021,Mai,-0.88
2021-05-19,66.88,5,2021,Mai,-3.09
2021-05-20,65.18,5,2021,Mai,-2.54
2021-05-21,66.72,5,2021,Mai,2.36
2021-05-24,68.59,5,2021,Mai,2.8
2021-05-25,68.8,5,2021,Mai,0.31
2021-05-26,68.93,5,2021,Mai,0.19
2021-05-27,69.43,5,2021,Mai,0.73
2021-05-28,69.36,5,2021,Mai,-0.1
2021-06-01,70.03,6,2021,Jun,0.97
2021-06-02,70.6,6,2021,Jun,0.81
2021-06-03,70.71,6,2021,Jun,0.16
2021-06-04,71.3,6,2021,Jun,0.83
2021-06-07,70.89,6,2021,Jun,-0.58
2021-06-08,71.39,6,2021,Jun,0.71
2021-06-09,71.31,6,2021,Jun,-0.11
2021-06-10,71.65,6,2021,Jun,0.48
2021-06-11,72.05,6,2021,Jun,0.56
2021-06-14,72.27,6,2021,Jun,0.31
2021-06-15,73.38,6,2021,Jun,1.54
2021-06-16,73.88,6,2021,Jun,0.68
2021-06-17,72.92,6,2021,Jun,-1.3
2021-06-18,73.1,6,2021,Jun,0.25
2021-06-21,74.49,6,2021,Jun,1.9
2021-06-22,74.92,6,2021,Jun,0.58
2021-06-23,75.22,6,2021,Jun,0.4
2021-06-24,75.95,6,2021,Jun,0.97
2021-06-25,76.45,6,2021,Jun,0.66
2021-06-28,74.78,6,2021,Jun,-2.18
2021-06-29,75.38,6,2021,Jun,0.8
2021-06-30,76.94,6,2021,Jun,2.07
2021-07-01,76.69,7,2021,Jul,-0.32
2021-07-02,77.51,7,2021,Jul,1.07
2021-07-05,78.34,7,2021,Jul,1.07
2021-07-06,75.81,7,2021,Jul,-3.23
2021-07-07,74.31,7,2021,Jul,-1.98
2021-07-08,75.07,7,2021,Jul,1.02
2021-07-09,77.14,7,2021,Jul,2.76
2021-07-12,76.77,7,2021,Jul,-0.48
2021-07-13,77.5,7,2021,Jul,0.95
2021-07-14,75.74,7,2021,Jul,-2.27
2021-07-15,74.53,7,2021,Jul,-1.6
2021-07-16,74.46,7,2021,Jul,-0.09
2021-07-19,69.33,7,2021,Jul,-6.89
2021-07-20,70.03,7,2021,Jul,1.01
2021-07-21,72.54,7,2021,Jul,3.58
2021-07-22,74.25,7,2021,Jul,2.36
2021-07-23,74.86,7,2021,Jul,0.82
2021-07-26,74.79,7,2021,Jul,-0.09
2021-07-27,74.87,7,2021,Jul,0.11
2021-07-28,75.09,7,2021,Jul,0.29
2021-07-29,76.3,7,2021,Jul,1.61
2021-07-30,77.72,7,2021,Jul,1.86
2021-08-02,73.91,8,2021,Ago,-4.9
2021-08-03,73.24,8,2021,Ago,-0.91
2021-08-04,70.99,8,2021,Ago,-3.07
2021-08-05,72.14,8,2021,Ago,1.62
2021-08-06,71.02,8,2021,Ago,-1.55
2021-08-09,69.65,8,2021,Ago,-1.93
2021-08-10,71.14,8,2021,Ago,2.14
2021-08-11,71.99,8,2021,Ago,1.19
2021-08-12,71.79,8,2021,Ago,-0.28
2021-08-13,70.9,8,2021,Ago,-1.24
2021-08-16,70.07,8,2021,Ago,-1.17
2021-08-17,69.4,8,2021,Ago,-0.96
2021-08-18,68.61,8,2021,Ago,-1.14
2021-08-19,66.8,8,2021,Ago,-2.64
2021-08-20,65.51,8,2021,Ago,-1.93
2021-08-23,69.07,8,2021,Ago,5.43
2021-08-24,71.21,8,2021,Ago,3.1
2021-08-25,72.12,8,2021,Ago,1.28
2021-08-26,70.42,8,2021,Ago,-2.36
2021-08-27,72.26,8,2021,Ago,2.61
2021-08-31,73.45,8,2021,Ago,1.65
2021-09-01,71.99,9,2021,Set,-1.99
2021-09-02,73.56,9,2021,Set,2.18
2021-09-03,73.07,9,2021,Set,-0.67
2021-09-06,72.43,9,2021,Set,-0.88
2021-09-07,71.52,9,2021,Set,-1.26
2021-09-08,72.36,9,2021,Set,1.17
2021-09-09,71.32,9,2021,Set,-1.44
2021-09-10,72.44,9,2021,Set,1.57
2021-09-13,72.97,9,2021,Set,0.73
2021-09-14,73.05,9,2021,Set,0.11
2021-09-15,74.84,9,2021,Set,2.45
2021-09-16,75.14,9,2021,Set,0.4
2021-09-17,74.64,9,2021,Set,-0.67
2021-09-20,73.59,9,2021,Set,-1.41
2021-09-21,73.65,9,2021,Set,0.08
2021-09-22,75.5,9,2021,Set,2.51
2021-09-23,76.44,9,2021,Set,1.25
2021-09-24,77.42,9,2021,Set,1.28
2021-09-27,78.85,9,2021,Set,1.85
2021-09-28,78.3,9,2021,Set,-0.7
2021-09-29,77.86,9,2021,Set,-0.56
2021-09-30,77.81,9,2021,Set,-0.06
2021-10-01,79.4,10,2021,Out,2.04
2021-10-04,81.44,10,2021,Out,2.57
2021-10-05,82.72,10,2021,Out,1.57
2021-10-06,81.39,10,2021,Out,-1.61
2021-10-07,82.34,10,2021,Out,1.17
2021-10-08,82.17,10,2021,Out,-0.21
2021-10-11,83.75,10,2021,Out,1.92
2021-10-12,83.53,10,2021,Out,-0.26
2021-10-13,83.53,10,2021,Out,0.0
2021-10-14,83.86,10,2021,Out,0.4
2021-10-15,84.67,10,2021,Out,0.97
2021-10-18,84.13,10,2021,Out,-0.64
2021-10-19,85.02,10,2021,Out,1.06
2021-10-20,85.76,10,2021,Out,0.87
2021-10-21,84.58,10,2021,Out,-1.38
2021-10-22,85.43,10,2021,Out,1.0
2021-10-25,84.85,10,2021,Out,-0.68
2021-10-26,85.11,10,2021,Out,0.31
2021-10-27,84.12,10,2021,Out,-1.16
2021-10-28,83.4,10,2021,Out,-0.86
2021-10-29,83.1,10,2021,Out,-0.36
2021-11-01,84.51,11,2021,Nov,1.7
2021-11-02,84.42,11,2021,Nov,-0.11
2021-11-03,81.1,11,2021,Nov,-3.93
2021-11-04,80.15,11,2021,Nov,-1.17
2021-11-05,82.43,11,2021,Nov,2.84
2021-11-08,83.22,11,2021,Nov,0.96
2021-11-09,84.52,11,2021,Nov,1.56
2021-11-10,82.91,11,2021,Nov,-1.9
2021-11-11,83.4,11,2021,Nov,0.59
2021-11-12,82.9,11,2021,Nov,-0.6
2021-11-15,81.94,11,2021,Nov,-1.16
2021-11-16,82.85,11,2021,Nov,1.11
2021-11-17,80.67,11,2021,Nov,-2.63
2021-11-18,82.45,11,2021,Nov,2.21
2021-11-19,80.24,11,2021,Nov,-2.68
2021-11-22,80.97,11,2021,Nov,0.91
2021-11-23,83.43,11,2021,Nov,3.04
2021-11-24,82.37,11,2021,Nov,-1.27
2021-11-25,82.05,11,2021,Nov,-0.39
2021-11-26,72.37,11,2021,Nov,-11.8
2021-11-29,73.34,11,2021,Nov,1.34
2021-11-30,70.86,11,2021,Nov,-3.38
2021-12-01,69.53,12,2021,Dez,-1.88
2021-12-02,70.56,12,2021,Dez,1.48
2021-12-03,70.71,12,2021,Dez,0.21
2021-12-06,73.38,12,2021,Dez,3.78
2021-12-07,75.54,12,2021,Dez,2.94
2021-12-08,75.94,12,2021,Dez,0.53
2021-12-09,74.1,12,2021,Dez,-2.42
2021-12-10,74.98,12,2021,Dez,1.19
2021-12-13,74.12,12,2021,Dez,-1.15
2021-12-14,73.37,12,2021,Dez,-1.01
2021-12-15,73.71,12,2021,Dez,0.46
2021-12-16,74.64,12,2021,Dez,1.26
2021-12-17,72.97,12,2021,Dez,-2.24
2021-12-20,70.51,12,2021,Dez,-3.37
2021-12-21,72.85,12,2021,Dez,3.32
2021-12-22,74.69,12,2021,Dez,2.53
2021-12-23,76.26,12,2021,Dez,2.1
2021-12-24,75.24,12,2021,Dez,-1.34
2021-12-27,75.24,12,2021,Dez,0.0
2021-12-29,78.63,12,2021,Dez,4.51
2021-12-30,78.61,12,2021,Dez,-0.03
2021-12-31,77.24,12,2021,Dez,-1.74
2022-01-03,78.25,1,2022,Jan,1.31
2022-01-04,79.39,1,2022,Jan,1.46
2022-01-05,80.6,1,2022,Jan,1.52
2022-01-06,81.99,1,2022,Jan,1.72
2022-01-07,82.28,1,2022,Jan,0.35
2022-01-10,81.56,1,2022,Jan,-0.88
2022-01-11,84.98,1,2022,Jan,4.19
2022-01-12,85.83,1,2022,Jan,1.0
2022-01-13,85.8,1,2022,Jan,-0.03
2022-01-14,87.17,1,2022,Jan,1.6
2022-01-17,87.82,1,2022,Jan,0.75
2022-01-18,88.83,1,2022,Jan,1.15
2022-01-19,89.64,1,2022,Jan,0.91
2022-01-20,89.75,1,2022,Jan,0.12
2022-01-21,89.75,1,2022,Jan,0.0
2022-01-24,87.74,1,2022,Jan,-2.24
2022-01-25,89.49,1,2022,Jan,1.99
2022-01-26,91.22,1,2022,Jan,1.93
2022-01-27,90.7,1,2022,Jan,-0.57
2022-01-28,91.47,1,2022,Jan,0.85
2022-01-31,92.35,1,2022,Jan,0.96
2022-02-01,90.24,2,2022,Fev,-2.28
2022-02-02,91.43,2,2022,Fev,1.32
2022-02-03,92.99,2,2022,Fev,1.71
2022-02-04,96.86,2,2022,Fev,4.16
2022-02-07,97.28,2,2022,Fev,0.43
2022-02-08,96.07,2,2022,Fev,-1.24
2022-02-09,94.95,2,2022,Fev,-1.17
2022-02-10,96.37,2,2022,Fev,1.5
2022-02-11,97.5,2,2022,Fev,1.17
2022-02-14,101.66,2,2022,Fev,4.27
2022-02-15,98.43,2,2022,Fev,-3.18
2022-02-16,97.44,2,2022,Fev,-1.01
2022-02-17,95.28,2,2022,Fev,-2.22
2022-02-18,96.18,2,2022,Fev,0.94
2022-02-21,98.95,2,2022,Fev,2.88
2022-02-22,98.73,2,2022,Fev,-0.22
2022-02-23,99.29,2,2022,Fev,0.57
2022-02-24,101.29,2,2022,Fev,2.01
2022-02-25,98.56,2,2022,Fev,-2.7
2022-02-28,103.08,2,2022,Fev,4.59
2022-03-01,110.93,3,2022,Mar,7.62
2022-03-02,118.94,3,2022,Mar,7.22
2022-03-03,115.36,3,2022,Mar,-3.01
2022-03-04,123.86,3,2022,Mar,7.37
2022-03-07,129.02,3,2022,Mar,4.17
2022-03-08,133.18,3,2022,Mar,3.22
2022-03-09,116.58,3,2022,Mar,-12.46
2022-03-10,114.54,3,2022,Mar,-1.75
2022-03-11,118.11,3,2022,Mar,3.12
2022-03-14,110.39,3,2022,Mar,-6.54
2022-03-15,105.14,3,2022,Mar,-4.76
2022-03-16,104.61,3,2022,Mar,-0.5
2022-03-17,113.5,3,2022,Mar,8.5
2022-03-18,114.32,3,2022,Mar,0.72
2022-03-21,122.29,3,2022,Mar,6.97
2022-03-22,121.53,3,2022,Mar,-0.62
2022-03-23,127.52,3,2022,Mar,4.93
2022-03-24,123.98,3,2022,Mar,-2.78
2022-03-25,122.67,3,2022,Mar,-1.06
2022-03-28,114.5,3,2022,Mar,-6.66
2022-03-29,112.79,3,2022,Mar,-1.49
2022-03-30,115.59,3,2022,Mar,2.48
2022-03-31,107.29,3,2022,Mar,-7.18
2022-04-01,106.13,4,2022,Abr,-1.08
2022-04-04,108.15,4,2022,Abr,1.9
2022-04-05,106.6,4,2022,Abr,-1.43
2022-04-06,100.81,4,2022,Abr,-5.43
2022-04-07,99.83,4,2022,Abr,-0.97
2022-04-08,101.26,4,2022,Abr,1.43
2022-04-11,97.92,4,2022,Abr,-3.3
2022-04-12,104.42,4,2022,Abr,6.64
2022-04-13,108.49,4,2022,Abr,3.9
2022-04-14,110.83,4,2022,Abr,2.16
2022-04-18,110.83,4,2022,Abr,0.0
2022-04-19,105.49,4,2022,Abr,-4.82
2022-04-20,105.05,4,2022,Abr,-0.42
2022-04-21,107.2,4,2022,Abr,2.05
2022-04-22,105.15,4,2022,Abr,-1.91
2022-04-25,99.27,4,2022,Abr,-5.59
2022-04-26,102.89,4,2022,Abr,3.65
2022-04-27,103.3,4,2022,Abr,0.4
2022-04-28,105.78,4,2022,Abr,2.4
2022-04-29,108.36,4,2022,Abr,2.44
2022-05-02,108.36,5,2022,Mai,0.0
2022-05-03,104.94,5,2022,Mai,-3.16
2022-05-04,110.53,5,2022,Mai,5.33
2022-05-05,112.11,5,2022,Mai,1.43
2022-05-06,113.86,5,2022,Mai,1.56
2022-05-09,106.67,5,2022,Mai,-6.31
2022-05-10,102.61,5,2022,Mai,-3.81
2022-05-11,107.7,5,2022,Mai,4.96
2022-05-12,108.06,5,2022,Mai,0.33
2022-05-13,112.12,5,2022,Mai,3.76
2022-05-16,114.86,5,2022,Mai,2.44
2022-05-17,112.89,5,2022,Mai,-1.72
2022-05-18,110.04,5,2022,Mai,-2.52
2022-05-19,113.22,5,2022,Mai,2.89
2022-05-20,113.63,5,2022,Mai,0.36
2022-05-23,115.13,5,2022,Mai,1.32
2022-05-24,115.77,5,2022,Mai,0.56
2022-05-25,116.41,5,2022,Mai,0.55
2022-05-26,119.81,5,2022,Mai,2.92
2022-05-27,121.19,5,2022,Mai,1.15
2022-05-30,123.01,5,2022,Mai,1.5
2022-05-31,125.53,5,2022,Mai,2.05
2022-06-01,122.2,6,2022,Jun,-2.65
2022-06-03,125.68,6,2022,Jun,2.85
2022-06-06,124.99,6,2022,Jun,-0.55
2022-06-07,126.89,6,2022,Jun,1.52
2022-06-08,129.2,6,2022,Jun,1.82
2022-06-09,128.47,6,2022,Jun,-0.57
2022-06-10,127.44,6,2022,Jun,-0.8
2022-06-13,128.44,6,2022,Jun,0.78
2022-06-14,127.02,6,2022,Jun,-1.11
2022-06-15,124.96,6,2022,Jun,-1.62
2022-06-16,125.78,6,2022,Jun,0.66
2022-06-17,119.22,6,2022,Jun,-5.22
2022-06-20,118.25,6,2022,Jun,-0.81
2022-06-21,118.51,6,2022,Jun,0.22
2022-06-22,115.54,6,2022,Jun,-2.51
2022-06-23,114.5,6,2022,Jun,-0.9
2022-06-24,117.36,6,2022,Jun,2.5
2022-06-27,119.69,6,2022,Jun,1.99
2022-06-28,122.21,6,2022,Jun,2.11
2022-06-29,120.8,6,2022,Jun,-1.15
2022-06-30,119.78,6,2022,Jun,-0.84
2022-07-01,119.21,7,2022,Jul,-0.48
2022-07-04,121.8,7,2022,Jul,2.17
2022-07-05,110.49,7,2022,Jul,-9.29
2022-07-06,108.54,7,2022,Jul,-1.76
2022-07-07,113.4,7,2022,Jul,4.48
2022-07-08,113.95,7,2022,Jul,0.49
2022-07-11,114.85,7,2022,Jul,0.79
2022-07-12,106.98,7,2022,Jul,-6.85
2022-07-13,107.17,7,2022,Jul,0.18
2022-07-14,107.74,7,2022,Jul,0.53
2022-07-15,112.26,7,2022,Jul,4.2
2022-07-18,117.27,7,2022,Jul,4.46
2022-07-19,114.96,7,2022,Jul,-1.97
2022-07-20,115.86,7,2022,Jul,0.78
2022-07-21,112.81,7,2022,Jul,-2.63
2022-07-22,106.77,7,2022,Jul,-5.35
2022-07-25,108.23,7,2022,Jul,1.37
2022-07-26,107.32,7,2022,Jul,-0.84
2022-07-27,109.64,7,2022,Jul,2.16
2022-07-28,109.68,7,2022,Jul,0.04
2022-07-29,111.51,7,2022,Jul,1.67
2022-08-01,106.09,8,2022,Ago,-4.86
2022-08-02,106.51,8,2022,Ago,0.4
2022-08-03,101.82,8,2022,Ago,-4.4
2022-08-04,97.99,8,2022,Ago,-3.76
2022-08-05,100.31,8,2022,Ago,2.37
2022-08-08,103.46,8,2022,Ago,3.14
2022-08-09,103.81,8,2022,Ago,0.34
2022-08-10,105.06,8,2022,Ago,1.2
2022-08-11,107.19,8,2022,Ago,2.03
2022-08-12,103.7,8,2022,Ago,-3.26
2022-08-15,98.25,8,2022,Ago,-5.26
2022-08-16,95.36,8,2022,Ago,-2.94
2022-08-17,97.22,8,2022,Ago,1.95
2022-08-18,96.35,8,2022,Ago,-0.89
2022-08-19,96.45,8,2022,Ago,0.1
2022-08-22,95.06,8,2022,Ago,-1.44
2022-08-23,99.49,8,2022,Ago,4.66
2022-08-24,99.87,8,2022,Ago,0.38
2022-08-25,98.81,8,2022,Ago,-1.06
2022-08-26,101.13,8,2022,Ago,2.35
2022-08-30,99.34,8,2022,Ago,-1.77
2022-08-31,96.55,8,2022,Ago,-2.81
2022-09-01,92.24,9,2022,Set,-4.46
2022-09-02,93.09,9,2022,Set,0.92
2022-09-05,94.22,9,2022,Set,1.21
2022-09-06,91.43,9,2022,Set,-2.96
2022-09-07,86.83,9,2022,Set,-5.03
2022-09-08,87.99,9,2022,Set,1.34
2022-09-09,91.68,9,2022,Set,4.19
2022-09-12,93.45,9,2022,Set,1.93
2022-09-13,92.04,9,2022,Set,-1.51
2022-09-14,92.83,9,2022,Set,0.86
2022-09-15,89.28,9,2022,Set,-3.82
2022-09-16,89.43,9,2022,Set,0.17
2022-09-19,89.43,9,2022,Set,0.0
2022-09-20,89.62,9,2022,Set,0.21
2022-09-21,89.86,9,2022,Set,0.27
2022-09-22,90.4,9,2022,Set,0.6
2022-09-23,84.29,9,2022,Set,-6.76
2022-09-26,82.55,9,2022,Set,-2.06
2022-09-27,85.97,9,2022,Set,4.14
2022-09-28,89.55,9,2022,Set,4.16
2022-09-29,89.41,9,2022,Set,-0.16
2022-09-30,88.9,9,2022,Set,-0.57
2022-10-03,90.68,10,2022,Out,2.0
2022-10-04,93.74,10,2022,Out,3.37
2022-10-05,94.35,10,2022,Out,0.65
2022-10-06,95.65,10,2022,Out,1.38
2022-10-07,98.88,10,2022,Out,3.38
2022-10-10,97.13,10,2022,Out,-1.77
2022-10-11,95.17,10,2022,Out,-2.02
2022-10-12,93.44,10,2022,Out,-1.82
2022-10-13,95.16,10,2022,Out,1.84
2022-10-14,92.22,10,2022,Out,-3.09
2022-10-17,91.04,10,2022,Out,-1.28
2022-10-18,89.46,10,2022,Out,-1.74
2022-10-19,91.34,10,2022,Out,2.1
2022-10-20,91.52,10,2022,Out,0.2
2022-10-21,91.82,10,2022,Out,0.33
2022-10-24,91.57,10,2022,Out,-0.27
2022-10-25,91.76,10,2022,Out,0.21
2022-10-26,92.93,10,2022,Out,1.28
2022-10-27,94.17,10,2022,Out,1.33
2022-10-28,94.64,10,2022,Out,0.5
2022-10-31,93.3,10,2022,Out,-1.42
2022-11-01,95.12,11,2022,Nov,1.95
2022-11-02,96.07,11,2022,Nov,1.0
2022-11-03,95.29,11,2022,Nov,-0.81
2022-11-04,99.53,11,2022,Nov,4.45
2022-11-07,99.87,11,2022,Nov,0.34
2022-11-08,96.85,11,2022,Nov,-3.02
2022-11-09,93.05,11,2022,Nov,-3.92
2022-11-10,94.25,11,2022,Nov,1.29
2022-11-11,96.37,11,2022,Nov,2.25
2022-11-14,93.59,11,2022,Nov,-2.88
2022-11-15,94.3,11,2022,Nov,0.76
2022-11-16,92.61,11,2022,Nov,-1.79
2022-11-17,91.0,11,2022,Nov,-1.74
2022-11-18,88.93,11,2022,Nov,-2.27
2022-11-21,88.44,11,2022,Nov,-0.55
2022-11-22,88.65,11,2022,Nov,0.24
2022-11-23,85.9,11,2022,Nov,-3.1
2022-11-24,85.59,11,2022,Nov,-0.36
2022-11-25,83.4,11,2022,Nov,-2.56
2022-11-28,83.5,11,2022,Nov,0.12
2022-11-29,83.22,11,2022,Nov,-0.34
2022-11-30,85.61,11,2022,Nov,2.87
2022-12-01,86.28,12,2022,Dez,0.78
2022-12-02,86.54,12,2022,Dez,0.3
2022-12-05,83.36,12,2022,Dez,-3.67
2022-12-06,79.92,12,2022,Dez,-4.13
2022-12-07,77.11,12,2022,Dez,-3.52
2022-12-08,76.02,12,2022,Dez,-1.41
2022-12-09,76.37,12,2022,Dez,0.46
2022-12-12,78.0,12,2022,Dez,2.13
2022-12-13,80.14,12,2022,Dez,2.74
2022-12-14,83.33,12,2022,Dez,3.98
2022-12-15,82.34,12,2022,Dez,-1.19
2022-12-16,80.2,12,2022,Dez,-2.6
2022-12-19,81.66,12,2022,Dez,1.82
2022-12-20,79.45,12,2022,Dez,-2.71
2022-12-21,80.25,12,2022,Dez,1.01
2022-12-22,79.58,12,2022,Dez,-0.83
2022-12-23,82.45,12,2022,Dez,3.61
2022-12-27,82.45,12,2022,Dez,0.0
2022-12-28,81.7,12,2022,Dez,-0.91
2022-12-29,80.96,12,2022,Dez,-0.91
2022-12-30,82.82,12,2022,Dez,2.3
2023-01-02,82.82,1,2023,Jan,0.0
2023-01-03,80.36,1,2023,Jan,-2.97
2023-01-04,75.31,1,2023,Jan,-6.28
2023-01-05,76.73,1,2023,Jan,1.89
2023-01-06,76.41,1,2023,Jan,-0.42
2023-01-09,77.5,1,2023,Jan,1.43
2023-01-10,78.4,1,2023,Jan,1.16
2023-01-11,81.11,1,2023,Jan,3.46
2023-01-12,82.59,1,2023,Jan,1.82
2023-01-13,83.43,1,2023,Jan,1.02
2023-01-16,82.65,1,2023,Jan,-0.93
2023-01-17,84.38,1,2023,Jan,2.09
2023-01-18,83.78,1,2023,Jan,-0.71
2023-01-19,85.08,1,2023,Jan,1.55
2023-01-20,86.96,1,2023,Jan,2.21
2023-01-23,87.96,1,2023,Jan,1.15
2023-01-24,85.25,1,2023,Jan,-3.08
2023-01-25,85.08,1,2023,Jan,-0.2
2023-01-26,86.29,1,2023,Jan,1.42
2023-01-27,85.36,1,2023,Jan,-1.08
2023-01-30,84.9,1,2023,Jan,-0.54
2023-01-31,83.42,1,2023,Jan,-1.74
2023-02-01,81.61,2,2023,Fev,-2.17
2023-02-02,80.57,2,2023,Fev,-1.27
2023-02-03,78.85,2,2023,Fev,-2.13
2023-02-06,80.48,2,2023,Fev,2.07
2023-02-07,82.92,2,2023,Fev,3.03
2023-02-08,84.17,2,2023,Fev,1.51
2023-02-09,83.46,2,2023,Fev,-0.84
2023-02-10,85.46,2,2023,Fev,2.4
2023-02-13,85.98,2,2023,Fev,0.61
2023-02-14,84.96,2,2023,Fev,-1.19
2023-02-15,84.11,2,2023,Fev,-1.0
2023-02-16,83.84,2,2023,Fev,-0.32
2023-02-17,81.97,2,2023,Fev,-2.23
2023-02-20,82.79,2,2023,Fev,1.0
2023-02-21,82.14,2,2023,Fev,-0.79
2023-02-22,79.55,2,2023,Fev,-3.15
2023-02-23,82.08,2,2023,Fev,3.18
2023-02-24,82.31,2,2023,Fev,0.28
2023-02-27,81.24,2,2023,Fev,-1.3
2023-02-28,83.21,2,2023,Fev,2.42
2023-03-01,83.68,3,2023,Mar,0.56
2023-03-02,84.15,3,2023,Mar,0.56
2023-03-03,85.74,3,2023,Mar,1.89
2023-03-06,85.86,3,2023,Mar,0.14
2023-03-07,83.03,3,2023,Mar,-3.3
2023-03-08,82.1,3,2023,Mar,-1.12
2023-03-09,81.0,3,2023,Mar,-1.34
2023-03-10,82.3,3,2023,Mar,1.6
2023-03-13,79.67,3,2023,Mar,-3.2
2023-03-14,76.77,3,2023,Mar,-3.64
2023-03-15,74.3,3,2023,Mar,-3.22
2023-03-16,73.12,3,2023,Mar,-1.59
2023-03-17,71.03,3,2023,Mar,-2.86
2023-03-20,72.42,3,2023,Mar,1.96
2023-03-21,74.78,3,2023,Mar,3.26
2023-03-22,76.08,3,2023,Mar,1.74
2023-03-23,74.31,3,2023,Mar,-2.33
2023-03-24,73.63,3,2023,Mar,-0.92
2023-03-27,76.8,3,2023,Mar,4.31
2023-03-28,78.07,3,2023,Mar,1.65
2023-03-29,77.51,3,2023,Mar,-0.72
2023-03-30,78.45,3,2023,Mar,1.21
2023-03-31,79.19,3,2023,Mar,0.94
2023-04-03,85.81,4,2023,Abr,8.36
2023-04-04,85.7,4,2023,Abr,-0.13
2023-04-05,85.89,4,2023,Abr,0.22
2023-04-06,86.56,4,2023,Abr,0.78
2023-04-10,86.56,4,2023,Abr,0.0
2023-04-11,87.32,4,2023,Abr,0.88
2023-04-12,88.31,4,2023,Abr,1.13
2023-04-13,86.51,4,2023,Abr,-2.04
2023-04-14,87.31,4,2023,Abr,0.92
2023-04-17,85.63,4,2023,Abr,-1.92
2023-04-18,85.48,4,2023,Abr,-0.18
2023-04-19,85.34,4,2023,Abr,-0.16
2023-04-20,83.29,4,2023,Abr,-2.4
2023-04-21,83.36,4,2023,Abr,0.08
2023-04-24,84.23,4,2023,Abr,1.04
2023-04-25,82.13,4,2023,Abr,-2.49
2023-04-26,79.19,4,2023,Abr,-3.58
2023-04-27,80.11,4,2023,Abr,1.16
2023-04-28,81.32,4,2023,Abr,1.51
2023-05-02,76.71,5,2023,Mai,-5.67
2023-05-03,72.91,5,2023,Mai,-4.95
2023-05-04,73.0,5,2023,Mai,0.12
2023-05-05,75.85,5,2023,Mai,3.9
2023-05-09,77.76,5,2023,Mai,2.52
2023-05-10,76.7,5,2023,Mai,-1.36
2023-05-11,75.32,5,2023,Mai,-1.8
2023-05-12,74.54,5,2023,Mai,-1.04
2023-05-15,75.46,5,2023,Mai,1.23
2023-05-16,75.15,5,2023,Mai,-0.41
2023-05-17,76.98,5,2023,Mai,2.44
2023-05-18,75.75,5,2023,Mai,-1.6
2023-05-19,75.42,5,2023,Mai,-0.44
2023-05-22,75.77,5,2023,Mai,0.46
2023-05-23,76.66,5,2023,Mai,1.17
2023-05-24,77.99,5,2023,Mai,1.73
2023-05-25,75.66,5,2023,Mai,-2.99
2023-05-26,76.33,5,2023,Mai,0.89
2023-05-30,73.38,5,2023,Mai,-3.86
2023-05-31,71.98,5,2023,Mai,-1.91
2023-06-01,74.18,6,2023,Jun,3.06
2023-06-02,76.0,6,2023,Jun,2.45
2023-06-05,76.61,6,2023,Jun,0.8
2023-06-06,76.22,6,2023,Jun,-0.51
2023-06-07,76.85,6,2023,Jun,0.83
2023-06-08,75.88,6,2023,Jun,-1.26
2023-06-09,74.74,6,2023,Jun,-1.5
2023-06-12,71.8,6,2023,Jun,-3.93
2023-06-13,74.24,6,2023,Jun,3.4
2023-06-14,73.39,6,2023,Jun,-1.14
2023-06-15,75.75,6,2023,Jun,3.22
2023-06-16,76.76,6,2023,Jun,1.33
2023-06-19,76.09,6,2023,Jun,-0.87
2023-06-20,75.79,6,2023,Jun,-0.39
2023-06-21,76.92,6,2023,Jun,1.49
2023-06-22,73.93,6,2023,Jun,-3.89
2023-06-23,73.56,6,2023,Jun,-0.5
2023-06-26,73.86,6,2023,Jun,0.41
2023-06-27,71.88,6,2023,Jun,-2.68
2023-06-28,73.64,6,2023,Jun,2.45
2023-06-29,73.86,6,2023,Jun,0.3
2023-06-30,74.51,6,2023,Jun,0.88
2023-07-03,74.52,7,2023,Jul,0.01
2023-07-04,76.23,7,2023,Jul,2.29
2023-07-05,76.74,7,2023,Jul,0.67
2023-07-06,76.72,7,2023,Jul,-0.03
2023-07-07,78.77,7,2023,Jul,2.67
2023-07-08,77.83,7,2023,Jul,-1.19
2023-07-10,77.83,7,2023,Jul,0.0
2023-07-11,79.54,7,2023,Jul,2.2
2023-07-12,80.35,7,2023,Jul,1.02
2023-07-13,81.31,7,2023,Jul,1.19
2023-07-14,79.9,7,2023,Jul,-1.73
2023-07-15,77.8,7,2023,Jul,-2.63
2023-07-17,77.8,7,2023,Jul,0.0
2023-07-18,79.54,7,2023,Jul,2.24
2023-07-19,79.38,7,2023,Jul,-0.2
2023-07-20,79.62,7,2023,Jul,0.3
2023-07-21,81.06,7,2023,Jul,1.81
2023-07-24,82.53,7,2023,Jul,1.81
2023-07-25,83.46,7,2023,Jul,1.13
2023-07-26,82.98,7,2023,Jul,-0.58
2023-07-27,84.28,7,2023,Jul,1.57
2023-07-28,84.49,7,2023,Jul,0.25
2023-07-31,85.22,7,2023,Jul,0.86
2023-08-01,85.34,8,2023,Ago,0.14
2023-08-02,84.01,8,2023,Ago,-1.56
2023-08-03,86.19,8,2023,Ago,2.59
2023-08-04,87.38,8,2023,Ago,1.38
2023-08-07,86.47,8,2023,Ago,-1.04
2023-08-08,88.0,8,2023,Ago,1.77
2023-08-09,89.31,8,2023,Ago,1.49
2023-08-10,87.44,8,2023,Ago,-2.09
2023-08-11,87.93,8,2023,Ago,0.56
2023-08-14,87.4,8,2023,Ago,-0.6
2023-08-15,86.28,8,2023,Ago,-1.28
2023-08-16,84.49,8,2023,Ago,-2.07
2023-08-17,85.24,8,2023,Ago,0.89
2023-08-18,85.92,8,2023,Ago,0.8
2023-08-21,85.44,8,2023,Ago,-0.56
2023-08-22,84.7,8,2023,Ago,-0.87
2023-08-23,83.94,8,2023,Ago,-0.9
2023-08-24,84.07,8,2023,Ago,0.15
2023-08-25,85.42,8,2023,Ago,1.61
2023-08-29,86.37,8,2023,Ago,1.11
2023-08-30,86.62,8,2023,Ago,0.29
2023-08-31,87.29,8,2023,Ago,0.77
2023-09-04,90.42,9,2023,Set,3.59
2023-09-05,91.25,9,2023,Set,0.92
2023-09-06,91.79,9,2023,Set,0.59
2023-09-07,91.16,9,2023,Set,-0.69
2023-09-08,91.85,9,2023,Set,0.76
2023-09-11,91.97,9,2023,Set,0.13
2023-09-12,93.58,9,2023,Set,1.75
2023-09-13,93.04,9,2023,Set,-0.58
2023-09-14,95.2,9,2023,Set,2.32
2023-09-15,95.55,9,2023,Set,0.37
2023-09-18,95.95,9,2023,Set,0.42
2023-09-19,96.11,9,2023,Set,0.17
2023-09-20,94.56,9,2023,Set,-1.61
2023-09-21,93.7,9,2023,Set,-0.91
2023-09-22,93.99,9,2023,Set,0.31
2023-09-25,94.01,9,2023,Set,0.02
2023-09-26,94.46,9,2023,Set,0.48
2023-09-27,97.1,9,2023,Set,2.79
2023-09-28,96.55,9,2023,Set,-0.57
2023-09-29,95.86,9,2023,Set,-0.71
2023-10-02,91.21,10,2023,Out,-4.85
2023-10-03,94.46,10,2023,Out,3.56
2023-10-04,89.83,10,2023,Out,-4.9
2023-10-05,88.28,10,2023,Out,-1.73
2023-10-06,87.86,10,2023,Out,-0.48
2023-10-09,91.37,10,2023,Out,3.99
2023-10-10,90.7,10,2023,Out,-0.73
2023-10-11,87.58,10,2023,Out,-3.44
2023-10-12,88.4,10,2023,Out,0.94
2023-10-13,94.33,10,2023,Out,6.71
2023-10-16,90.99,10,2023,Out,-3.54
2023-10-17,92.52,10,2023,Out,1.68
2023-10-18,91.99,10,2023,Out,-0.57
2023-10-19,93.12,10,2023,Out,1.23
2023-10-20,93.72,10,2023,Out,0.64
2023-10-23,91.88,10,2023,Out,-1.96
2023-10-24,88.0,10,2023,Out,-4.22
2023-10-25,90.14,10,2023,Out,2.43
2023-10-26,88.45,10,2023,Out,-1.87
2023-10-27,90.73,10,2023,Out,2.58
2023-10-30,90.73,10,2023,Out,0.0
2023-11-06,87.31,11,2023,Nov,-3.77
2023-11-07,83.43,11,2023,Nov,-4.44
2023-11-08,81.46,11,2023,Nov,-2.36
2023-11-09,81.74,11,2023,Nov,0.34
2023-11-10,83.66,11,2023,Nov,2.35
2023-11-13,84.09,11,2023,Nov,0.51
2023-11-14,84.2,11,2023,Nov,0.13
2023-11-15,82.4,11,2023,Nov,-2.14
2023-11-16,77.73,11,2023,Nov,-5.67
2023-11-17,81.22,11,2023,Nov,4.49
2023-11-20,83.25,11,2023,Nov,2.5
2023-11-21,82.42,11,2023,Nov,-1.0
2023-11-22,81.76,11,2023,Nov,-0.8
2023-11-23,80.85,11,2023,Nov,-1.11
2023-11-24,79.82,11,2023,Nov,-1.27
2023-11-27,79.49,11,2023,Nov,-0.41
2023-11-28,81.66,11,2023,Nov,2.73
2023-11-29,82.98,11,2023,Nov,1.62
2023-11-30,81.72,11,2023,Nov,-1.52
2023-12-01,78.72,12,2023,Dez,-3.67
2023-12-04,78.16,12,2023,Dez,-0.71
2023-12-05,77.27,12,2023,Dez,-1.14
2023-12-06,74.33,12,2023,Dez,-3.8
2023-12-07,74.21,12,2023,Dez,-0.16
2023-12-08,75.94,12,2023,Dez,2.33
2023-12-11,75.75,12,2023,Dez,-0.25
2023-12-12,74.11,12,2023,Dez,-2.17
2023-12-13,74.14,12,2023,Dez,0.04
2023-12-14,77.05,12,2023,Dez,3.93
2023-12-15,76.84,12,2023,Dez,-0.27
2023-12-18,78.89,12,2023,Dez,2.67
2023-12-19,79.82,12,2023,Dez,1.18
2023-12-20,81.1,12,2023,Dez,1.6
2023-12-21,80.73,12,2023,Dez,-0.46
2023-12-22,80.23,12,2023,Dez,-0.62
2023-12-26,80.23,12,2023,Dez,0.0
2023-12-27,80.97,12,2023,Dez,0.92
2023-12-28,79.04,12,2023,Dez,-2.38
2023-12-29,77.69,12,2023,Dez,-1.71
2024-01-02,76.24,1,2024,Jan,-1.87
2024-01-03,77.18,1,2024,Jan,1.23
2024-01-04,75.79,1,2024,Jan,-1.8
2024-01-05,78.31,1,2024,Jan,3.32
2024-01-08,75.47,1,2024,Jan,-3.63
2024-01-09,77.97,1,2024,Jan,3.31
2024-01-10,78.46,1,2024,Jan,0.63
2024-01-11,80.21,1,2024,Jan,2.23
2024-01-12,79.89,1,2024,Jan,-0.4
2024-01-15,79.76,1,2024,Jan,-0.16
2024-01-16,80.15,1,2024,Jan,0.49
2024-01-17,78.88,1,2024,Jan,-1.58
2024-01-18,81.04,1,2024,Jan,2.74
2024-01-19,80.71,1,2024,Jan,-0.41
2024-01-22,81.7,1,2024,Jan,1.23
2024-01-23,82.04,1,2024,Jan,0.42
2024-01-24,82.15,1,2024,Jan,0.13
2024-01-25,82.33,1,2024,Jan,0.22
2024-01-26,83.34,1,2024,Jan,1.23
2024-01-29,83.99,1,2024,Jan,0.78
2024-01-30,84.14,1,2024,Jan,0.18
2024-01-31,82.98,1,2024,Jan,-1.38
2024-02-01,82.2,2,2024,Fev,-0.94
2024-02-02,79.54,2,2024,Fev,-3.24
2024-02-05,79.3,2,2024,Fev,-0.3
2024-02-06,80.46,2,2024,Fev,1.46
2024-02-07,81.18,2,2024,Fev,0.89
2024-02-08,83.01,2,2024,Fev,2.25
2024-02-09,83.58,2,2024,Fev,0.69
2024-02-12,83.88,2,2024,Fev,0.36
2024-02-13,84.72,2,2024,Fev,1.0
2024-02-14,84.41,2,2024,Fev,-0.37
2024-02-15,84.33,2,2024,Fev,-0.09
2024-02-16,84.88,2,2024,Fev,0.65
2024-02-19,85.52,2,2024,Fev,0.75
2024-02-20,84.78,2,2024,Fev,-0.87
2024-02-21,84.77,2,2024,Fev,-0.01
2024-02-22,85.84,2,2024,Fev,1.26
2024-02-23,84.18,2,2024,Fev,-1.93
2024-02-26,84.01,2,2024,Fev,-0.2
2024-02-27,83.8,2,2024,Fev,-0.25
2024-02-28,84.08,2,2024,Fev,0.33
2024-02-29,84.57,2,2024,Fev,0.58
2024-03-01,84.82,3,2024,Mar,0.3
2024-03-04,86.58,3,2024,Mar,2.07
2024-03-05,85.82,3,2024,Mar,-0.88
2024-03-06,86.59,3,2024,Mar,0.9
2024-03-07,84.88,3,2024,Mar,-1.97
2024-03-08,84.29,3,2024,Mar,-0.7
2024-03-11,83.44,3,2024,Mar,-1.01
2024-03-12,83.66,3,2024,Mar,0.26
2024-03-13,83.95,3,2024,Mar,0.35
2024-03-14,86.16,3,2024,Mar,2.63
2024-03-15,85.39,3,2024,Mar,-0.89
2024-03-18,86.47,3,2024,Mar,1.26
2024-03-19,87.36,3,2024,Mar,1.03
2024-03-20,85.77,3,2024,Mar,-1.82
2024-03-21,84.92,3,2024,Mar,-0.99
2024-03-22,84.87,3,2024,Mar,-0.06
2024-03-25,86.18,3,2024,Mar,1.54
2024-03-26,85.91,3,2024,Mar,-0.31
2024-03-27,84.94,3,2024,Mar,-1.13
2024-03-28,86.17,3,2024,Mar,1.45
2024-04-02,87.63,4,2024,Abr,1.69
2024-04-03,90.6,4,2024,Abr,3.39
2024-04-04,90.32,4,2024,Abr,-0.31
2024-04-05,92.81,4,2024,Abr,2.76
2024-04-08,91.73,4,2024,Abr,-1.16
2024-04-09,92.13,4,2024,Abr,0.44
2024-04-10,91.57,4,2024,Abr,-0.61
2024-04-11,91.49,4,2024,Abr,-0.09
2024-04-12,93.12,4,2024,Abr,1.78
2024-04-15,90.84,4,2024,Abr,-2.45
2024-04-16,91.29,4,2024,Abr,0.5
2024-04-17,89.54,4,2024,Abr,-1.92
2024-04-18,88.34,4,2024,Abr,-1.34
2024-04-19,87.96,4,2024,Abr,-0.43
2024-04-22,87.3,4,2024,Abr,-0.75
